parent,parent_label,winner_notation,winner_label,winner_sources,winner_children,losers,n_losers
000001,"ADMINISTRATIVE, REGULATORY, WELFARE, HEALTH, ENVIRONMENT, AND TECHNOLOGY LAW",000130,ADMINISTRATIVE AGENCIES AND PROCEDURE,0,2,000100=ADMINISTRATIVE AGENCIES AND ADMINISTRATIVE PROCEDURE,1
000001,"ADMINISTRATIVE, REGULATORY, WELFARE, HEALTH, ENVIRONMENT, AND TECHNOLOGY LAW",001990,FOOD AND AGRICULTURE LAW,0,12,001172=AGRICULTURAL AND FOOD LAW,1
000001,"ADMINISTRATIVE, REGULATORY, WELFARE, HEALTH, ENVIRONMENT, AND TECHNOLOGY LAW",001947,FINANCIAL REGULATION AND CONSUMER PROTECTION,0,4,001943=FINANCIAL REGULATION AND CONSUMER FINANCIAL PROTECTION,1
000679,ADMINISTRATIVE PROCEDURE AND ADJUDICATION,000700,DUE PROCESS IN ADMINISTRATIVE PROCEEDINGS,0,7,000740=PROCEDURAL DUE PROCESS IN ADMINISTRATIVE PROCEEDINGS,1
001631,ENVIRONMENTAL AND NATURAL RESOURCES LAW,001726,WATER LAW AND RIGHTS,0,1,001638=WATER LAW AND WATER RIGHTS,1
003271,IMMIGRATION LAW,003289,ADMISSION AND INADMISSIBILITY,0,2,003087=ADMISSIBILITY AND INADMISSIBILITY,1
005351,TAXATION,005212,CORPORATE TAX,0,4,005412=CORPORATE TAXATION,1
005427,FEDERAL INCOME TAX,005473,CORPORATE TAX,0,12,005729=CORPORATE TAXATION,1
007400,"BUSINESS ORGANIZATIONS, MARKETS, FINANCE, LABOR, AND EMPLOYMENT",041027,PARTNERSHIPS AND UNINCORPORATED ASSOCIATIONS,0,38,041192=PARTNERSHIPS AND UNINCORPORATED BUSINESS ASSOCIATIONS,1
007400,"BUSINESS ORGANIZATIONS, MARKETS, FINANCE, LABOR, AND EMPLOYMENT",035407,CORPORATIONS AND LIMITED LIABILITY COMPANIES,0,3,035423=CORPORATIONS AND LIMITED LIABILITY ENTITIES,1
007400,"BUSINESS ORGANIZATIONS, MARKETS, FINANCE, LABOR, AND EMPLOYMENT",037206,LABOR AND EMPLOYMENT RELATIONS,0,16,037298=LABOR RELATIONS,1
007400,"BUSINESS ORGANIZATIONS, MARKETS, FINANCE, LABOR, AND EMPLOYMENT",037020,LABOR AND EMPLOYMENT LAW,0,58,037266=LABOR LAW;035753=EMPLOYMENT LAW AND LABOR RELATIONS,2
007400,"BUSINESS ORGANIZATIONS, MARKETS, FINANCE, LABOR, AND EMPLOYMENT",036358,INSOLVENCY AND REORGANIZATION,0,1,035960=FINANCIAL INSOLVENCY AND REORGANIZATION,1
007400,"BUSINESS ORGANIZATIONS, MARKETS, FINANCE, LABOR, AND EMPLOYMENT",041606,SECURITIES REGULATION AND CAPITAL MARKETS,0,14,041653=SECURITIES REGULATION AND MARKETS,1
007914,BANKRUPTCY AND INSOLVENCY,009461,FEDERAL BANKRUPTCY LAW,0,1,010229=UNITED STATES BANKRUPTCY LAW,1
008365,BANKRUPTCY ESTATE ADMINISTRATION,008430,TRUSTEE DUTIES AND COMPENSATION,0,1,008055=TRUSTEE'S DUTIES AND COMPENSATION,1
008365,BANKRUPTCY ESTATE ADMINISTRATION,008446,TRUSTEE'S RIGHTS AND POWERS,1,0,"008470=TRUSTEE'S POWERS, RIGHTS, AND AUTHORITY",1
008488,BANKRUPTCY ESTATE AND PROPERTY,008606,TRUSTEE'S POWERS AND DUTIES,0,2,008540=TRUSTEE DUTIES AND POWERS,1
010084,TRUSTEES IN BANKRUPTCY,010112,DUTIES AND OBLIGATIONS OF TRUSTEES,5,32,010109=DUTIES AND LIABILITIES OF TRUSTEES,1
010725,BUSINESS ORGANIZATIONS,023072,UNINCORPORATED ASSOCIATIONS AND ENTITIES,1,2,023078=UNINCORPORATED ASSOCIATIONS AND NON-CORPORATE ENTITIES,1
010725,BUSINESS ORGANIZATIONS,011348,CORPORATION FORMATION AND EXISTENCE,0,2,010900=CORPORATE FORMATION AND EXISTENCE,1
010725,BUSINESS ORGANIZATIONS,018963,CORPORATIONS AND ASSOCIATIONS,0,1,018978=CORPORATIONS AND OTHER ASSOCIATIONS,1
011420,CORPORATIONS,015299,DEFINITION AND NATURE OF CORPORATIONS,10,0,016465=GENERAL NATURE AND DEFINITION OF CORPORATIONS,1
011420,CORPORATIONS,012088,CORPORATE EXISTENCE AND STATUS,0,4,012084=CORPORATE EXISTENCE AND LEGAL STATUS,1
011420,CORPORATIONS,016360,FORMATION AND PRE-INCORPORATION MATTERS,0,2,013201=CORPORATE FORMATION AND PRE-INCORPORATION MATTERS,1
011420,CORPORATIONS,017660,SHAREHOLDER RIGHTS AND LIABILITIES,0,14,"018048=SHAREHOLDER RIGHTS, DUTIES, AND LIABILITIES;018084=SHAREHOLDER RIGHTS, OBLIGATIONS, AND LIABILITIES",2
013295,CORPORATE GOVERNANCE,013615,STOCKHOLDER RIGHTS AND DUTIES,0,3,013622=STOCKHOLDER RIGHTS AND OBLIGATIONS,1
013766,BYLAWS,013759,VALIDITY AND ENFORCEABILITY OF BY-LAWS,0,3,013772=VALIDITY AND ENFORCEABILITY OF BYLAWS,1
019825,PARTNERSHIPS,021190,PARTNER DISPUTES AND DISSOLUTION,0,1,021763=PARTNERSHIP DISPUTES AND DISSOLUTION,1
019825,PARTNERSHIPS,021425,PARTNERS' RIGHTS AND DUTIES,0,33,"021531=PARTNERS' RIGHTS, DUTIES, AND OBLIGATIONS;021484=PARTNERS' RIGHTS AND OBLIGATIONS",2
019825,PARTNERSHIPS,022199,PARTNERSHIP RELATIONSHIPS AND RIGHTS,0,2,022178=PARTNERSHIP RELATIONS AND RIGHTS,1
026954,CORPORATIONS,032694,SHAREHOLDER RIGHTS AND RELATIONS,0,1,032697=SHAREHOLDER RIGHTS AND RELATIONSHIPS,1
028225,SHARE SUBSCRIPTIONS,028482,SUBSCRIPTIONS ON SPECIAL TERMS,1,0,028625=SUBSCRIPTIONS UPON SPECIAL TERMS,1
029183,BY-LAWS,029199,AMENDMENT OF BYLAWS,1,2,029185=AMENDMENT OF BY-LAWS,1
030723,LIABILITIES OF DIRECTORS,030756,STATUTORY LIABILITY FOR CORPORATE DEBTS,1,0,030473=LIABILITY FOR CORPORATE DEBTS UNDER STATUTE,1
030963,DUTY OF LOYALTY,030970,CORPORATE OPPORTUNITY DOCTRINE,3,0,031014=CORPORATE OPPORTUNITIES DOCTRINE,1
033333,STOCKHOLDER LIABILITY,033336,LIABILITY FOR CORPORATE DEBTS AND OBLIGATIONS,4,0,033247=LIABILITY FOR CORPORATE DEBTS,1
039110,PARTNERSHIPS,039824,LIABILITY OF PARTNERS TO THIRD PERSONS,1,18,040305=PARTNERS' LIABILITY TO THIRD PARTIES,1
038536,PARTNER'S AUTHORITY TO BIND FIRM,038586,LIMITATIONS ON PARTNER'S AUTHORITY,1,0,038482=LIMITATIONS ON PARTNER AUTHORITY,1
037789,CHANGE OF BUSINESS FORM,039164,CONVERSION OF PARTNERSHIP TO CORPORATION,0,4,037790=CONVERSION OF PARTNERSHIP INTO CORPORATION,1
039225,DISSOLUTION AND WINDING UP,039414,POST-DISSOLUTION POWERS,0,2,037955=POST-DISSOLUTION POWERS AND AUTHORITY,1
039225,DISSOLUTION AND WINDING UP,039370,IMPLIED POWERS OF SURVIVING PARTNER,0,2,039447=SURVIVING PARTNER'S IMPLIED POWERS,1
039225,DISSOLUTION AND WINDING UP,039306,DISSOLUTION BY ACT OF PARTNER,0,2,037864=DISSOLUTION BY PARTNER'S ACT,1
039187,CLASSIFICATION AND TYPES OF PARTNERSHIPS,039192,TRADING AND NONTRADING PARTNERSHIPS,1,0,039186=TRADING AND NON-TRADING PARTNERSHIPS,1
042045,"CIVIL RIGHTS, CIVIL LIBERTIES, EQUALITY, AND HISTORICAL RIGHTS-RESTRICTIVE REGIMES",042503,CONSTITUTIONAL LIMITATIONS ON GOVERNMENT POWER,0,2,042513=CONSTITUTIONAL LIMITS ON GOVERNMENT POWER,1
042302,FIRST AMENDMENT,042311,RELIGIOUS FREEDOM,0,1,042321=FREEDOM OF RELIGION,1
042992,EQUAL PROTECTION,043020,DEFINITION AND SCOPE OF EQUAL PROTECTION,2,0,043134=SCOPE AND MEANING OF EQUAL PROTECTION,1
045554,"CIVIL WRONGS, DUTIES, INJURIES, LIABILITY, AND DEFENSES",060130,TORTS TO PROPERTY INTERESTS,0,3,060002=TORTS AGAINST PROPERTY INTERESTS,1
045554,"CIVIL WRONGS, DUTIES, INJURIES, LIABILITY, AND DEFENSES",048652,GENERAL PRINCIPLES OF LIABILITY,0,5,056663=PRINCIPLES OF LIABILITY,1
045554,"CIVIL WRONGS, DUTIES, INJURIES, LIABILITY, AND DEFENSES",048670,GENERAL PRINCIPLES OF TORT LAW,0,13,048667=GENERAL PRINCIPLES OF TORT,1
045554,"CIVIL WRONGS, DUTIES, INJURIES, LIABILITY, AND DEFENSES",049966,INTENTIONAL TORTS TO PERSONAL DIGNITY AND LIBERTY,0,1,049974=INTENTIONAL TORTS TO PERSONAL FREEDOM AND DIGNITY,1
045554,"CIVIL WRONGS, DUTIES, INJURIES, LIABILITY, AND DEFENSES",046653,DEFAMATION AND INVASIONS OF REPUTATION,0,3,046663=DEFAMATION AND RELATED INVASIONS OF REPUTATION,1
045554,"CIVIL WRONGS, DUTIES, INJURIES, LIABILITY, AND DEFENSES",048531,FRAUD AND DECEIT,0,20,048582=FRAUD AND DECEPTION,1
045554,"CIVIL WRONGS, DUTIES, INJURIES, LIABILITY, AND DEFENSES",060120,TORTS TO PERSONAL PROPERTY,0,2,059972=TORTS AGAINST PERSONAL PROPERTY,1
050682,NEGLIGENCE,054356,LIABILITY OF SPECIFIC ENTITIES,0,1,054302=LIABILITY OF PARTICULAR ENTITIES,1
050682,NEGLIGENCE,051466,DEFENSES TO NEGLIGENCE,1,17,051713=DEFENSES TO NEGLIGENCE LIABILITY,1
054982,STANDARD OF CARE,055517,STANDARD OF CARE FOR CHILDREN,2,0,055012=CHILDREN'S STANDARD OF CARE,1
058190,TORTS,059016,LIABILITY FOR ACTS OF THIRD PERSONS,1,0,057676=LIABILITY FOR ACTS OF THIRD PARTIES,1
060497,FAMILY AND HOUSEHOLD RELATIONS,060500,PARENTAL LIABILITY FOR TORTS OF CHILD,0,2,060498=PARENTAL LIABILITY FOR CHILD'S TORTS,1
060668,"CRIMINAL LAW, PUBLIC ORDER, PUNISHMENT, AND COLLATERAL CONSEQUENCES",073762,SUBSTANTIVE CRIMINAL OFFENSES,0,62,074367=SUBSTANTIVE OFFENSES,1
060668,"CRIMINAL LAW, PUBLIC ORDER, PUNISHMENT, AND COLLATERAL CONSEQUENCES",069512,OFFENSES AGAINST PUBLIC ORDER AND SAFETY,0,12,070985=PUBLIC ORDER AND SAFETY OFFENSES,1
060668,"CRIMINAL LAW, PUBLIC ORDER, PUNISHMENT, AND COLLATERAL CONSEQUENCES",069441,OFFENSES AGAINST PUBLIC ORDER AND MORALS,0,18,061168=CRIMES AGAINST PUBLIC ORDER AND MORALS;067853=OFFENCES AGAINST PUBLIC ORDER AND MORALS;067954=OFFENSES AGAINST MORALITY AND PUBLIC ORDER,3
060668,"CRIMINAL LAW, PUBLIC ORDER, PUNISHMENT, AND COLLATERAL CONSEQUENCES",069243,OFFENSES AGAINST PUBLIC JUSTICE AND GOVERNMENTAL OPERATIONS,0,3,069216=OFFENSES AGAINST PUBLIC JUSTICE AND GOVERNMENT OPERATIONS,1
060668,"CRIMINAL LAW, PUBLIC ORDER, PUNISHMENT, AND COLLATERAL CONSEQUENCES",069534,OFFENSES AGAINST PUBLIC ORDER AND SECURITY,0,3,070999=PUBLIC ORDER AND SECURITY OFFENSES,1
060668,"CRIMINAL LAW, PUBLIC ORDER, PUNISHMENT, AND COLLATERAL CONSEQUENCES",068756,OFFENSES AGAINST PROPERTY AND HABITATION,0,2,061151=CRIMES AGAINST PROPERTY AND HABITATION,1
060668,"CRIMINAL LAW, PUBLIC ORDER, PUNISHMENT, AND COLLATERAL CONSEQUENCES",069264,OFFENSES AGAINST PUBLIC MORALS AND DECENCY,0,8,069074=OFFENSES AGAINST PUBLIC DECENCY AND MORALITY,1
060668,"CRIMINAL LAW, PUBLIC ORDER, PUNISHMENT, AND COLLATERAL CONSEQUENCES",074309,SUBSTANTIVE CRIMINAL OFFENSES AND DEFENSES,0,2,072611=SUBSTANTIVE CRIMES AND DEFENSES,1
060668,"CRIMINAL LAW, PUBLIC ORDER, PUNISHMENT, AND COLLATERAL CONSEQUENCES",068800,OFFENSES AGAINST PROPERTY AND PUBLIC ORDER,0,2,061157=CRIMES AGAINST PROPERTY AND PUBLIC ORDER,1
060668,"CRIMINAL LAW, PUBLIC ORDER, PUNISHMENT, AND COLLATERAL CONSEQUENCES",066341,GENERAL PRINCIPLES OF CRIMINAL LIABILITY,0,25,070524=PRINCIPLES OF CRIMINAL LIABILITY;060768=BASIC PRINCIPLES OF CRIMINAL LIABILITY;066260=GENERAL DOCTRINES OF CRIMINAL LIABILITY,3
060668,"CRIMINAL LAW, PUBLIC ORDER, PUNISHMENT, AND COLLATERAL CONSEQUENCES",070518,PRINCIPLES AND SOURCES OF CRIMINAL LAW,0,2,066322=GENERAL PRINCIPLES AND SOURCES OF CRIMINAL LAW,1
060668,"CRIMINAL LAW, PUBLIC ORDER, PUNISHMENT, AND COLLATERAL CONSEQUENCES",068717,OFFENSES AGAINST PROPERTY AND ECONOMIC INTERESTS,0,6,061141=CRIMES AGAINST PROPERTY AND ECONOMIC INTERESTS;062311=CRIMINAL OFFENSES AGAINST PROPERTY AND ECONOMIC INTERESTS,2
060668,"CRIMINAL LAW, PUBLIC ORDER, PUNISHMENT, AND COLLATERAL CONSEQUENCES",069206,OFFENSES AGAINST PUBLIC JUSTICE AND ADMINISTRATION OF LAW,0,1,069202=OFFENSES AGAINST PUBLIC JUSTICE AND ADMINISTRATION OF JUSTICE,1
060668,"CRIMINAL LAW, PUBLIC ORDER, PUNISHMENT, AND COLLATERAL CONSEQUENCES",068947,OFFENSES AGAINST PUBLIC ADMINISTRATION AND JUSTICE,0,34,069254=OFFENSES AGAINST PUBLIC JUSTICE AND PUBLIC ADMINISTRATION,1
060668,"CRIMINAL LAW, PUBLIC ORDER, PUNISHMENT, AND COLLATERAL CONSEQUENCES",066330,GENERAL PRINCIPLES AND THEORIES OF CRIMINAL LAW,0,2,070522=PRINCIPLES AND THEORIES OF CRIMINAL LAW,1
060668,"CRIMINAL LAW, PUBLIC ORDER, PUNISHMENT, AND COLLATERAL CONSEQUENCES",061269,CRIMINAL DEFENSES,0,14,061555=CRIMINAL LAW DEFENSES,1
060668,"CRIMINAL LAW, PUBLIC ORDER, PUNISHMENT, AND COLLATERAL CONSEQUENCES",068938,OFFENSES AGAINST PUBLIC ADMINISTRATION AND INTEGRITY,0,2,068919=OFFENSES AGAINST PUBLIC ADMINISTRATION AND GOVERNMENT INTEGRITY,1
060668,"CRIMINAL LAW, PUBLIC ORDER, PUNISHMENT, AND COLLATERAL CONSEQUENCES",068152,OFFENSES AGAINST PROPERTY,0,51,061074=CRIMES AGAINST PROPERTY,1
062384,CRIMINAL PROCEDURE,064448,TRIAL RIGHTS AND PROCEDURES,0,1,064451=TRIAL RIGHTS AND PROCEEDINGS,1
065668,ACTUS REUS,065670,ACTS VS. OMISSIONS,2,0,065703=ACTS VERSUS OMISSIONS,1
066048,EVIDENCE IN CRIMINAL CASES,066045,RELEVANCY AND ADMISSIBILITY OF EVIDENCE,0,1,066052=RELEVANCE AND ADMISSIBILITY OF EVIDENCE,1
067807,INTENT AND UNINTENDED CONSEQUENCES,067810,DOCTRINE OF TRANSFERRED INTENT OR CONSTRUCTIVE INTENT,1,0,067817=LEGAL DOCTRINE OF TRANSFERRED INTENT OR CONSTRUCTIVE INTENT,1
069674,PERJURY,069698,FALSE OATH IN BANKRUPTCY PROCEEDINGS,0,5,069732=FALSE OATH IN BANKRUPTCY,1
069884,STATUTORY HOMICIDE PROVISIONS,069888,CALIFORNIA PENAL CODE §§ 187–199,1,0,069885=CALIFORNIA PENAL CODE SECTIONS 187 TO 199,1
072740,SUBSTANTIVE CRIMINAL LAW,073270,OFFENSES AGAINST PUBLIC ORDER AND MORALS,0,2,073176=OFFENSES AGAINST MORALITY AND PUBLIC ORDER,1
072740,SUBSTANTIVE CRIMINAL LAW,072913,GENERAL PRINCIPLES OF CRIMINAL LIABILITY,0,10,073431=PRINCIPLES OF CRIMINAL LIABILITY,1
076543,DOMICILE OF MINOR CHILDREN,076544,DOMICILE OF CHILD UPON FATHER'S DEATH WITHOUT GUARDIAN,1,0,076538=DOMICILE OF CHILD UPON FATHER'S DEATH WITHOUT APPOINTED GUARDIAN,1
078922,SUBSTANTIVE AREAS,078923,PENAL LAWS AND OFFENCES,2,0,078926=PENAL LAWS AND OFFENSES,1
081183,"LEGAL ACTORS, PERSONS, STATUS, CAPACITY, AND RELATIONSHIPS",090811,GOVERNMENT OFFICERS AND AGENTS,0,2,090826=GOVERNMENT OFFICIALS AND AGENTS,1
081183,"LEGAL ACTORS, PERSONS, STATUS, CAPACITY, AND RELATIONSHIPS",083505,BUSINESS AND CORPORATE ENTITIES,0,2,083591=BUSINESS ENTITIES AND CORPORATIONS,1
081183,"LEGAL ACTORS, PERSONS, STATUS, CAPACITY, AND RELATIONSHIPS",090823,GOVERNMENT OFFICERS AND PUBLIC OFFICIALS,0,2,096492=PUBLIC OFFICIALS AND GOVERNMENT EMPLOYEES,1
081183,"LEGAL ACTORS, PERSONS, STATUS, CAPACITY, AND RELATIONSHIPS",094200,MARRIAGE AND MARITAL STATUS,0,11,094501=MARRIAGE AND SPOUSAL STATUS,1
081187,AGENCY,081615,DUTIES OF AGENT TO PRINCIPAL,0,5,083012=AGENT'S DUTIES TO PRINCIPAL,1
083047,AUTHORITY OF AGENT,081421,NATURE AND EXTENT OF AUTHORITY,3,3,081386=SCOPE AND NATURE OF AUTHORITY,1
083047,AUTHORITY OF AGENT,081377,SCOPE AND EXTENT OF AUTHORITY,1,1,082992=SCOPE AND LIMITATIONS OF AUTHORITY;083050=SCOPE AND LIMITS OF AUTHORITY,2
081768,PRINCIPAL-AGENT RELATIONSHIP,081773,AGENT'S DUTIES TO PRINCIPAL,0,2,081248=DUTIES OF AGENT TO PRINCIPAL,1
083150,DUTIES AND LIABILITIES OF AGENTS,083163,LIABILITY TO THIRD PARTIES,3,1,083395=LIABILITY TO THIRD PERSONS,1
083274,RIGHTS AND DUTIES OF AGENTS,081818,RIGHT OF AGENT TO SUE,1,1,083188=AGENT'S RIGHT TO SUE,1
081980,AGENCY AND FIDUCIARY RELATIONSHIPS,082528,DUTIES OF AGENT TO PRINCIPAL,0,4,082302=AGENT'S DUTIES TO PRINCIPAL,1
082358,AUTHORITY OF AGENTS,082234,SCOPE OF AGENT'S AUTHORITY,1,5,082395=SCOPE AND LIMITS OF AGENT AUTHORITY;082399=SCOPE OF AGENT AUTHORITY,2
086285,FAMILY AND DOMESTIC RELATIONS,086393,MARRIAGE AND MARITAL STATUS,0,5,086407=MARRIAGE AND SPOUSAL STATUS,1
084419,DOMESTIC RELATIONS,085300,MARRIAGE AND MARITAL STATUS,0,6,085347=MARRIAGE AND SPOUSAL STATUS,1
088335,FAMILY LAW AND DOMESTIC RELATIONS,088796,PARENTAL RIGHTS AND DUTIES,0,3,085885=PARENTAL RIGHTS AND OBLIGATIONS,1
085891,DOMESTIC RELATIONS AND FAMILY STATUS,085945,MARRIAGE AND MARITAL STATUS,0,3,085952=MARRIAGE AND SPOUSAL STATUS,1
086618,MARRIAGE,086931,MARITAL SEPARATION,0,3,087121=SPOUSAL SEPARATION,1
087381,ALIMONY,087386,ELIGIBILITY AND LIMITATIONS,0,1,087396=ELIGIBILITY AND RESTRICTIONS,1
088956,FAMILY RELATIONSHIPS,089191,MARRIAGE AND MARITAL STATUS,0,5,089231=MARRIAGE AND SPOUSAL STATUS,1
090075,EXECUTORS AND ADMINISTRATORS,090129,DUTIES AND FUNCTIONS OF EXECUTORS AND ADMINISTRATORS,1,0,090145=DUTIES OF EXECUTORS AND ADMINISTRATORS,1
090429,RECEIVERS,090446,DUTIES AND OBLIGATIONS OF RECEIVERS,1,2,090440=DUTIES AND LIABILITIES OF RECEIVERS,1
091930,MARITAL RELATIONSHIPS,092046,SPOUSAL RIGHTS AND OBLIGATIONS,0,6,092037=SPOUSAL RIGHTS AND DUTIES,1
092713,GROUNDS FOR ANNULMENT,092719,IMPOTENCE,0,2,092581=IMPOTENCY,1
093685,PRESUMPTION OF MARRIAGE VALIDITY,093686,PRESUMPTION FAVORING MARRIAGE,1,0,093688=PRESUMPTION IN FAVOR OF MARRIAGE,1
094353,MARRIAGE AND SPOUSAL RELATIONSHIP,094300,MARRIED WOMEN'S LEGAL CAPACITY,0,3,094396=MARRIED WOMEN'S LEGAL STATUS AND CAPACITY,1
096852,"LEGAL PROFESSION, LEGAL SERVICES, COURTS, AND ACCESS TO JUSTICE",098366,LEGAL PROFESSION AND LEGAL SERVICES,0,6,098387=LEGAL PROFESSION AND SERVICES,1
098704,"LEGAL SOURCES, INSTITUTIONS, AND METHOD",101746,LEGAL AUTHORITIES AND SOURCES,0,29,098738=AUTHORITIES AND SOURCES OF LAW;101815=LEGAL AUTHORITIES AND SOURCES OF LAW,2
098704,"LEGAL SOURCES, INSTITUTIONS, AND METHOD",106171,STATUTORY INTERPRETATION AND CONSTRUCTION,0,210,106941=STATUTORY INTERPRETATION AND LEGAL CONSTRUCTION,1
098704,"LEGAL SOURCES, INSTITUTIONS, AND METHOD",098864,CASE LAW AND PRECEDENT,0,14,101023=JUDICIAL PRECEDENT AND CASE LAW,1
098704,"LEGAL SOURCES, INSTITUTIONS, AND METHOD",105095,STATUTES AND LEGISLATIVE MATERIALS,0,8,105499=STATUTORY AND LEGISLATIVE MATERIALS;107194=STATUTORY LAW AND LEGISLATIVE MATERIALS,2
098704,"LEGAL SOURCES, INSTITUTIONS, AND METHOD",102403,LEGAL LITERATURE AND AUTHORITY,0,3,102394=LEGAL LITERATURE AND AUTHORITIES,1
098704,"LEGAL SOURCES, INSTITUTIONS, AND METHOD",105502,STATUTORY AND REGULATORY INTERPRETATION,0,3,106973=STATUTORY INTERPRETATION AND REGULATORY INTERPRETATION,1
098704,"LEGAL SOURCES, INSTITUTIONS, AND METHOD",101041,JUDICIAL PRECEDENT AND STARE DECISIS,0,4,104104=PRECEDENT AND STARE DECISIS,1
098704,"LEGAL SOURCES, INSTITUTIONS, AND METHOD",102867,LEGAL RESEARCH AND REFERENCE TOOLS,0,10,102942=LEGAL RESEARCH TOOLS AND REFERENCE MATERIALS,1
100102,JUDICIAL DECISIONS AND PRECEDENT,100288,CASE CITATIONS AND AUTHORITY,6,7,100323=CASE CITATIONS AND REFERENCED AUTHORITY,1
100102,JUDICIAL DECISIONS AND PRECEDENT,100325,CASE CITATIONS AND REFERENCES,12,63,100332=CASE CITATIONS AND REFERENCING,1
100102,JUDICIAL DECISIONS AND PRECEDENT,100507,CASE LAW CITATIONS,4,0,100674=CASE LAW CITATIONS AND REFERENCES,1
100622,WALLACE'S REPORTS,100624,"VOLUME 15, PAGE 300",1,0,"100625=VOLUME 15, PAGE 800",1
100948,JUDICIAL OPINIONS AND REPORTED CASES,100954,CASE LAW CITATIONS AND REFERENCES,8,0,100953=CASE LAW CITATIONS,1
100969,JUDICIAL OPINIONS AND REPORTERS,100974,CASE LAW CITATIONS AND REFERENCES,8,0,100973=CASE LAW CITATIONS,1
101674,REPORTED CASES,101673,CASE CITATIONS AND REFERENCES,2,0,101675=CASE CITATIONS,1
103051,CASE LAW,103077,CASE CITATIONS AND REFERENCES,1,0,103052=CASE CITATIONS,1
104980,STATUTORY INTERPRETATION,104875,PRINCIPLES OF STATUTORY CONSTRUCTION,1,0,104975=GENERAL PRINCIPLES OF STATUTORY CONSTRUCTION,1
104254,SOURCES OF LAW,104652,STATUTES AND LEGISLATIVE MATERIALS,0,3,104450=LEGISLATIVE AND STATUTORY MATERIALS,1
106171,STATUTORY INTERPRETATION AND CONSTRUCTION,106052,PRINCIPLES OF CONSTRUCTION,0,5,105801=GENERAL PRINCIPLES OF CONSTRUCTION,1
106171,STATUTORY INTERPRETATION AND CONSTRUCTION,106268,CANONS AND RULES OF INTERPRETATION,0,5,106314=CANONS OF INTERPRETATION,1
106171,STATUTORY INTERPRETATION AND CONSTRUCTION,106114,STATUTORY TERMS AND DEFINITIONS,0,1,106741=STATUTORY DEFINITIONS AND MEANING OF TERMS,1
107297,"OBLIGATIONS, AGREEMENTS, TRANSACTIONS, AND RESTITUTION",115627,COMMERCIAL INSTRUMENTS AND NEGOTIABLE DEBT,0,2,115631=COMMERCIAL INSTRUMENTS AND NEGOTIABLE DEBT OBLIGATIONS,1
107297,"OBLIGATIONS, AGREEMENTS, TRANSACTIONS, AND RESTITUTION",133950,FAMILY AND DOMESTIC OBLIGATIONS,0,1,133546=DOMESTIC AND FAMILIAL OBLIGATIONS,1
107297,"OBLIGATIONS, AGREEMENTS, TRANSACTIONS, AND RESTITUTION",148825,REMEDIES FOR BREACH OR ENFORCEMENT,0,5,143114=LEGAL REMEDIES FOR BREACH OR ENFORCEMENT,1
107297,"OBLIGATIONS, AGREEMENTS, TRANSACTIONS, AND RESTITUTION",114843,BREACH AND NONPERFORMANCE,0,1,114839=BREACH AND NON-PERFORMANCE,1
107297,"OBLIGATIONS, AGREEMENTS, TRANSACTIONS, AND RESTITUTION",148746,REMEDIES FOR BREACH,0,10,143103=LEGAL REMEDIES FOR BREACH,1
107297,"OBLIGATIONS, AGREEMENTS, TRANSACTIONS, AND RESTITUTION",151916,SPECIAL FORMS OF AGREEMENTS,0,3,152119=SPECIALIZED FORMS OF AGREEMENTS,1
107297,"OBLIGATIONS, AGREEMENTS, TRANSACTIONS, AND RESTITUTION",148665,REAL PROPERTY TRANSACTIONS,0,3,148638=REAL ESTATE TRANSACTIONS,1
107297,"OBLIGATIONS, AGREEMENTS, TRANSACTIONS, AND RESTITUTION",149564,SALES AND CONTRACTS FOR GOODS,0,15,149651=SALES AND CONTRACTS FOR SALE OF GOODS,1
107302,AGENCY,108961,FORMATION OF AGENCY RELATIONSHIP,1,2,108156=CREATION AND FORMATION OF AGENCY RELATIONSHIP,1
107302,AGENCY,108653,DUTIES OF AGENT TO PRINCIPAL,0,87,107406=AGENT'S DUTIES TO PRINCIPAL,1
107302,AGENCY,109044,LIABILITY OF AGENT TO THIRD PARTIES,0,15,107425=AGENT'S LIABILITY TO THIRD PARTIES,1
107302,AGENCY,108822,DUTIES OF AGENTS,0,12,108620=DUTIES AND OBLIGATIONS OF AGENTS,1
107302,AGENCY,109704,RIGHTS AND LIABILITIES OF AGENT,0,2,107449=AGENT'S RIGHTS AND LIABILITIES,1
107637,AUTHORITY OF AGENT,107984,SCOPE AND EXTENT OF ACTUAL AUTHORITY,1,2,107329=SCOPE OF ACTUAL AUTHORITY,1
107637,AUTHORITY OF AGENT,107800,NATURE AND EXTENT OF AUTHORITY,0,4,107989=SCOPE AND NATURE OF AUTHORITY,1
110344,AUTHORITY OF AGENTS,110371,SCOPE AND LIMITS OF AUTHORITY,0,4,110339=SCOPE AND LIMITATIONS OF AUTHORITY,1
112080,BAILMENTS,112124,BAILEE'S RIGHTS AND REMEDIES,0,1,113551=RIGHTS AND REMEDIES OF BAILEE,1
112080,BAILMENTS,112861,DUTIES AND LIABILITIES OF BAILOR AND BAILEE,0,21,"113562=RIGHTS, DUTIES, AND LIABILITIES OF BAILOR AND BAILEE",1
112551,COMMON CARRIERS,112573,CARRIER'S DUTIES,0,7,112588=CARRIER'S DUTIES AND OBLIGATIONS,1
116653,CONTRACTS,118529,CONTRACT TERMS AND INTERPRETATION,0,10,118751=CONTRACTUAL TERMS AND INTERPRETATION,1
116653,CONTRACTS,118740,CONTRACTUAL TERMS AND CLAUSES,0,9,118501=CONTRACT TERMS AND CLAUSES,1
116653,CONTRACTS,130151,RIGHTS AND OBLIGATIONS OF PARTIES,2,7,130103=RIGHTS AND DUTIES OF PARTIES,1
116653,CONTRACTS,119474,DEFENSES TO ENFORCEMENT,2,35,118899=DEFENSES AGAINST ENFORCEMENT,1
116653,CONTRACTS,118583,CONTRACT VALIDITY AND ENFORCEABILITY,0,9,118776=CONTRACTUAL VALIDITY AND ENFORCEABILITY,1
116653,CONTRACTS,125555,GENERAL PRINCIPLES OF CONTRACT LAW,13,3,125502=GENERAL DOCTRINES OF CONTRACT LAW,1
116653,CONTRACTS,119391,DEFENSES TO CONTRACT ENFORCEMENT,0,10,119422=DEFENSES TO CONTRACTUAL ENFORCEMENT,1
126006,INTERPRETATION AND CONSTRUCTION,126264,INTENT OF THE PARTIES,1,4,126268=INTENTION OF PARTIES,1
120648,FORMATION AND ENFORCEABILITY,123466,INTENTION AND ASSENT,1,0,120835=ASSENT AND INTENT,1
121629,CONSIDERATION,122099,TYPES AND ADEQUACY OF CONSIDERATION,1,1,122100=TYPES AND SUFFICIENCY OF CONSIDERATION,1
138780,INSURANCE CONTRACTS,142239,TYPES OF INSURANCE,0,18,140017=KINDS OF INSURANCE,1
138780,INSURANCE CONTRACTS,141808,RIGHTS AND OBLIGATIONS OF INSURERS,0,2,141781=RIGHTS AND DUTIES OF INSURERS,1
138780,INSURANCE CONTRACTS,138963,CLAIM PROCESSING AND DISPUTE RESOLUTION,0,2,138941=CLAIM HANDLING AND DISPUTE RESOLUTION,1
138780,INSURANCE CONTRACTS,142232,TYPES AND SCOPE OF INSURANCE,0,1,142235=TYPES AND SCOPE OF INSURANCE COVERAGE,1
138780,INSURANCE CONTRACTS,139229,DUTIES OF PARTIES,0,5,139216=DUTIES AND OBLIGATIONS OF PARTIES,1
140296,MARINE INSURANCE,140359,COVERAGE AND EXCLUSIONS,0,2,140557=SCOPE OF COVERAGE AND EXCLUSIONS,1
152392,SURETYSHIP AND GUARANTY,155426,RIGHTS AND OBLIGATIONS OF GUARANTOR,0,5,153876=GUARANTOR'S RIGHTS AND OBLIGATIONS;155008=RIGHTS AND DUTIES OF GUARANTOR,2
152392,SURETYSHIP AND GUARANTY,156267,"RIGHTS, DUTIES, AND LIABILITIES OF SURETIES AND GUARANTORS",1,0,155320=RIGHTS AND LIABILITIES OF SURETIES AND GUARANTORS;155088=RIGHTS AND DUTIES OF SURETIES AND GUARANTORS;155617=RIGHTS AND OBLIGATIONS OF SURETIES AND GUARANTORS,3
152392,SURETYSHIP AND GUARANTY,155167,RIGHTS AND LIABILITIES OF PARTIES,0,5,155143=RIGHTS AND LIABILITIES AMONG PARTIES,1
152392,SURETYSHIP AND GUARANTY,155392,RIGHTS AND OBLIGATIONS AMONG CO-SURETIES,0,11,154953=RIGHTS AND DUTIES AMONG CO-SURETIES,1
152392,SURETYSHIP AND GUARANTY,154980,"RIGHTS AND DUTIES AMONG CREDITOR, PRINCIPAL, AND SURETY",0,2,"155407=RIGHTS AND OBLIGATIONS AMONG CREDITOR, PRINCIPAL, AND SURETY",1
152392,SURETYSHIP AND GUARANTY,156336,SCOPE OF SURETY'S OBLIGATION,0,7,154355=NATURE AND SCOPE OF SURETY'S OBLIGATION;156319=SCOPE AND LIMITATION OF SURETY'S OBLIGATION,2
152392,SURETYSHIP AND GUARANTY,154993,RIGHTS AND DUTIES AMONG SURETIES AND GUARANTORS,0,1,155414=RIGHTS AND OBLIGATIONS AMONG SURETIES AND GUARANTORS,1
152392,SURETYSHIP AND GUARANTY,156860,TYPES OF SURETY BONDS,0,5,154045=KINDS OF SURETY BONDS,1
152392,SURETYSHIP AND GUARANTY,153217,CREDITOR'S DUTIES TO SURETY,0,4,153214=CREDITOR'S DUTIES AND OBLIGATIONS TO SURETY,1
152392,SURETYSHIP AND GUARANTY,155436,RIGHTS AND OBLIGATIONS OF PARTIES,0,30,155024=RIGHTS AND DUTIES OF PARTIES,1
152392,SURETYSHIP AND GUARANTY,153769,FORMATION AND EXISTENCE OF SURETYSHIP,0,2,153188=CREATION AND EXISTENCE OF SURETYSHIP,1
152392,SURETYSHIP AND GUARANTY,154747,RIGHTS AMONG CO-SURETIES AND CO-GUARANTORS,0,6,155945=RIGHTS BETWEEN CO-SURETIES AND CO-GUARANTORS,1
152392,SURETYSHIP AND GUARANTY,155499,RIGHTS AND OBLIGATIONS OF SURETIES,0,39,155048=RIGHTS AND DUTIES OF SURETIES,1
152392,SURETYSHIP AND GUARANTY,155703,RIGHTS AND REMEDIES OF CREDITOR,0,3,153234=CREDITOR'S RIGHTS AND REMEDIES,1
153599,DISCHARGE OF SURETY OR GUARANTOR,153386,DISCHARGE BY CREDITOR CONDUCT,1,0,153605=DISCHARGE BY CREDITOR'S CONDUCT,1
134632,INSURANCE,138049,"POLICY TERMS, CONDITIONS, AND COVERAGE",0,1,"138053=POLICY TERMS, CONDITIONS, AND COVERAGE PROVISIONS",1
134632,INSURANCE,134817,CLAIMS AND LOSSES,0,6,134782=CLAIMS AND LOSS,1
134632,INSURANCE,138760,TYPES OF INSURANCE POLICIES,0,3,136045=INSURANCE POLICY TYPES,1
135408,PROPERTY INSURANCE,135411,MORTGAGOR'S INSURABLE INTEREST,1,1,135409=MORTGAGEE'S INSURABLE INTEREST,1
136633,PARTICULAR DESIGNATIONS,136643,MORTGAGOR AS BENEFICIARY,1,0,136640=MORTGAGEE AS BENEFICIARY,1
137640,OTHER OR DOUBLE AND OVER INSURANCE,137552,CONTRIBUTION AMONG INSURERS,1,0,137557=CONTRIBUTION BETWEEN INSURERS,1
141718,VALUED POLICY LAWS,141719,IMPROVEMENTS ON REAL PROPERTY,1,0,141717=IMPROVEMENTS UPON REAL PROPERTY,1
141814,RIGHTS AND OBLIGATIONS OF PARTIES,141876,INSURER'S DUTIES,0,3,141987=INSURER'S DUTIES AND OBLIGATIONS,1
143371,NEGOTIABLE INSTRUMENTS,147156,STATUTORY FRAMEWORK AND REGULATION,1,0,145529=LEGAL FRAMEWORK AND STATUTORY REGULATION,1
143372,ACCEPTANCE,143430,TIME AND CONDITIONS FOR ACCEPTANCE,1,0,143456=TIMING AND CONDITIONS FOR ACCEPTANCE,1
143576,BILLS AND NOTES,143795,REQUISITES OF NEGOTIABILITY,0,2,143657=ESSENTIAL REQUISITES OF NEGOTIABILITY,1
146224,PARTIES AND LIABILITY,146229,ACCEPTOR'S LIABILITY,1,1,145555=ACCEPTOR LIABILITY,1
147395,INDORSEMENT,147575,TYPES OF INDORSEMENT,4,1,147494=KINDS OF INDORSEMENT,1
150184,SALES OF GOODS,150235,BUYER'S RIGHTS AND DUTIES,0,2,150550=RIGHTS AND DUTIES OF BUYER,1
150536,REMEDIES FOR BREACH,150546,SELLER REMEDIES,0,1,149253=SELLER'S REMEDIES,1
157866,"PROCEDURE, EVIDENCE, REMEDIES, ENFORCEMENT, AND REVIEW",197974,JUDICIAL PROCEEDINGS AND REMEDIES,0,13,198447=JUDICIAL REMEDIES AND PROCEDURES,1
157866,"PROCEDURE, EVIDENCE, REMEDIES, ENFORCEMENT, AND REVIEW",169039,CIVIL PROCEDURE AND PRACTICE,0,15,168981=CIVIL PROCEDURE AND LITIGATION,1
157866,"PROCEDURE, EVIDENCE, REMEDIES, ENFORCEMENT, AND REVIEW",200571,JURY TRIAL AND INSTRUCTIONS,0,1,200602=JURY TRIAL AND JURY INSTRUCTIONS,1
157866,"PROCEDURE, EVIDENCE, REMEDIES, ENFORCEMENT, AND REVIEW",197940,JUDICIAL PROCEEDINGS AND PROCESS,0,7,197930=JUDICIAL PROCEEDINGS AND PROCEDURES,1
157866,"PROCEDURE, EVIDENCE, REMEDIES, ENFORCEMENT, AND REVIEW",169014,CIVIL PROCEDURE AND PLEADING,0,5,"165308=CIVIL PLEADING AND PRACTICE;169139=CIVIL PROCEDURE, PLEADING, AND PRACTICE",2
157866,"PROCEDURE, EVIDENCE, REMEDIES, ENFORCEMENT, AND REVIEW",159568,APPELLATE REVIEW AND JURISDICTION,0,3,159528=APPELLATE REVIEW AND APPELLATE JURISDICTION,1
157866,"PROCEDURE, EVIDENCE, REMEDIES, ENFORCEMENT, AND REVIEW",204158,POSTCONVICTION AND COLLATERAL REVIEW,0,2,203444=POST-CONVICTION AND COLLATERAL REVIEW,1
157866,"PROCEDURE, EVIDENCE, REMEDIES, ENFORCEMENT, AND REVIEW",207735,PROVISIONAL AND PRE-JUDGMENT REMEDIES,0,1,204287=PRE-JUDGMENT REMEDIES AND PROVISIONAL REMEDIES;204284=PRE-JUDGMENT REMEDIES AND PROVISIONAL RELIEF,2
157866,"PROCEDURE, EVIDENCE, REMEDIES, ENFORCEMENT, AND REVIEW",205540,PROCEDURAL RULES AND MECHANISMS,0,5,205501=PROCEDURAL DOCTRINES AND MECHANISMS,1
157866,"PROCEDURE, EVIDENCE, REMEDIES, ENFORCEMENT, AND REVIEW",208851,PROVISIONAL REMEDIES AND INTERIM RELIEF,0,20,205661=PROVISIONAL AND INTERIM REMEDIES,1
157866,"PROCEDURE, EVIDENCE, REMEDIES, ENFORCEMENT, AND REVIEW",204178,POSTCONVICTION AND HABEAS CORPUS REVIEW,0,2,203447=POST-CONVICTION AND HABEAS CORPUS REVIEW,1
158249,ARBITRATION IN BANKRUPTCY PROCEEDINGS,158261,TRUSTEE AUTHORITY TO ARBITRATE,3,0,158250=TRUSTEE'S AUTHORITY TO ARBITRATE,1
159622,STAYS AND PROCEEDINGS PENDING APPEAL,159625,POWER OF APPELLATE OR LOWER COURT PENDING APPEAL,1,0,159623=POWER OF APPELLATE COURT OR LOWER COURT PENDING APPEAL,1
160162,ADMINISTRATION OF THE ESTATE,160333,TRUSTEE'S POWERS AND DUTIES,0,11,162539=TRUSTEE POWERS AND DUTIES,1
161758,MARSHALING OF LIENS,161759,REFEREE'S POWER TO MARSHAL LIENS,1,0,163914=REFEREE'S AUTHORITY TO MARSHAL LIENS,1
164176,TRUSTEE'S POWERS AND DUTIES,164175,TRUSTEE STANDING TO ASSERT BANKRUPT'S OBJECTIONS,1,0,162204=TRUSTEE'S STANDING TO ASSERT BANKRUPT'S OBJECTIONS,1
164201,TRUSTEES,164204,DUTIES AND POWERS OF TRUSTEE,0,4,162218=TRUSTEE'S DUTIES AND POWERS,1
163101,CLAIMS PROCESS,163112,TIME LIMITATIONS FOR FILING CLAIMS,1,0,163120=TIME LIMITS FOR FILING CLAIMS,1
166170,CLASS ACTIONS,166171,RULE 23(B)(3) CLASS ACTIONS,1,0,166180=RULE 23(B)(2) CLASS ACTIONS,1
173747,INJUNCTIONS,174984,SPECIFIC SUBJECTS OF INJUNCTIVE RELIEF,0,6,174605=PARTICULAR SUBJECTS OF INJUNCTIVE RELIEF,1
173747,INJUNCTIONS,174169,INJUNCTIONS AFFECTING REAL PROPERTY,0,10,174391=INJUNCTIONS CONCERNING REAL PROPERTY,1
173747,INJUNCTIONS,173803,AVAILABILITY AND SCOPE OF RELIEF,0,1,173778=AVAILABILITY AND EXTENT OF RELIEF,1
173747,INJUNCTIONS,173547,REQUISITES FOR ISSUANCE,0,2,174712=PREREQUISITES FOR ISSUANCE,1
173747,INJUNCTIONS,174800,REQUIREMENTS FOR INJUNCTIVE RELIEF,1,7,173833=CONDITIONS FOR INJUNCTIVE RELIEF,1
173747,INJUNCTIONS,174484,INJUNCTIONS TO RESTRAIN BREACH OF CONTRACT,0,1,173537=INJUNCTIONS TO RESTRAIN BREACH OF CONTRACTUAL OBLIGATIONS,1
173747,INJUNCTIONS,174707,PREREQUISITES FOR INJUNCTIVE RELIEF,0,3,174700=PREREQUISITES AND CONDITIONS FOR INJUNCTIVE RELIEF,1
176865,EVIDENCE,182625,GENERAL PRINCIPLES OF EVIDENCE,60,0,185670=PRINCIPLES OF EVIDENCE,1
176865,EVIDENCE,181738,EVIDENTIARY RULES AND DOCTRINES,0,4,181753=EVIDENTIARY RULES AND PRINCIPLES,1
176865,EVIDENCE,177405,ADMISSIBILITY AND EXCLUSIONARY RULES,0,45,187268=RULES OF ADMISSIBILITY AND EXCLUSION,1
176865,EVIDENCE,182588,GENERAL PRINCIPLES AND DEFINITIONS,0,2,185665=PRINCIPLES AND DEFINITIONS,1
176865,EVIDENCE,181761,EXAMINATION AND CROSS-EXAMINATION OF WITNESSES,0,2,189776=WITNESS EXAMINATION AND CROSS-EXAMINATION,1
176865,EVIDENCE,178849,BURDEN AND STANDARD OF PROOF,0,26,179310=BURDEN OF PROOF AND STANDARDS OF PROOF,1
176865,EVIDENCE,184468,JUDICIAL PRECEDENT AND CASE LAW REFERENCES,2,0,179601=CASE LAW REFERENCES AND PRECEDENT,1
177763,ADMISSIBILITY OF EVIDENCE,178027,GENERAL PRINCIPLES OF ADMISSIBILITY,6,0,178161=PRINCIPLES GOVERNING ADMISSIBILITY,1
180246,DOCUMENTARY EVIDENCE,181317,PUBLIC RECORDS AND OFFICIAL DOCUMENTS,0,23,181302=PUBLIC RECORDS AND DOCUMENTS,1
183366,REPUTATION EVIDENCE,183485,COMMUNITY REPUTATION AS PROOF OF FACTS OF GENERAL INTEREST,1,0,183368=COMMUNITY REPUTATION AS PROOF OF PUBLIC OR GENERAL INTEREST FACTS,1
184299,JUDICIAL NOTICE AND COGNIZANCE,184344,JUDICIAL VS. PERSONAL KNOWLEDGE,0,2,184301=JUDICIAL VERSUS PERSONAL KNOWLEDGE,1
191214,EXECUTION AND ENFORCEMENT OF JUDGMENTS,191674,JUDICIAL SALES AND EXECUTION SALES,0,11,191575=JUDICIAL AND EXECUTION SALES,1
194967,JURISDICTIONAL PREREQUISITES,195455,PRESUMPTIONS REGARDING JURISDICTION,0,1,195461=PRESUMPTIONS CONCERNING JURISDICTION,1
205719,RECEIVERSHIP,205837,"RECEIVER'S POWERS, DUTIES, AND STATUS",0,2,205843=RECEIVER'S STATUS AND POWERS,1
207064,RECEIVERSHIP,207381,NATURE AND STATUS OF RECEIVER,0,1,207057=STATUS AND CHARACTER OF RECEIVER,1
207064,RECEIVERSHIP,207420,POWERS AND FUNCTIONS OF RECEIVERS,1,21,206964=POWERS AND DUTIES OF RECEIVERS,1
209884,DAMAGES,209995,MEASURE AND COMPUTATION OF DAMAGES,0,5,209993=MEASURE AND CALCULATION OF DAMAGES;210172=MEASUREMENT AND COMPUTATION OF DAMAGES,2
210683,INJUNCTIONS,211376,PRINCIPLES GOVERNING INJUNCTIVE RELIEF,7,0,210953=GENERAL PRINCIPLES OF INJUNCTIVE RELIEF,1
210683,INJUNCTIONS,210758,DAMAGES IN LIEU OF OR IN CONJUNCTION WITH INJUNCTIONS,1,1,210320=DAMAGES IN LIEU OF OR IN CONNECTION WITH INJUNCTIONS,1
210683,INJUNCTIONS,210951,GENERAL PRINCIPLES OF INJUNCTIONS,9,1,210949=GENERAL PRINCIPLES GOVERNING INJUNCTIONS,1
210683,INJUNCTIONS,211503,SCOPE OF INJUNCTIVE RELIEF,1,1,211482=SCOPE AND EXTENT OF INJUNCTIVE RELIEF,1
210683,INJUNCTIONS,211185,INJUNCTIONS TO RESTRAIN BREACH OF CONTRACT,2,3,210398=INJUNCTIONS TO RESTRAIN VIOLATION OF CONTRACT,1
210683,INJUNCTIONS,211044,INJUNCTIONS AGAINST GOVERNMENT ACTION,0,1,211050=INJUNCTIONS AGAINST GOVERNMENTAL ACTION,1
210981,GROUNDS FOR INJUNCTIVE RELIEF,210358,IRREPARABLE INJURY AND INADEQUACY OF LEGAL REMEDY,1,0,210976=IRREPARABLE INJURY AND INADEQUACY OF LEGAL REMEDIES,1
213353,RECEIVERSHIPS,213381,DUTIES AND OBLIGATIONS OF RECEIVERS,0,2,213319=DUTIES AND LIABILITIES OF RECEIVERS,1
214877,"PROPERTY, RESOURCES, INFORMATION, AND INTELLECTUAL INTERESTS",216071,DECEDENTS' ESTATES AND TRUSTS,0,11,215932=DECEDENT'S ESTATES AND TRUSTS,1
214877,"PROPERTY, RESOURCES, INFORMATION, AND INTELLECTUAL INTERESTS",229526,LIENS AND ENCUMBRANCES ON PROPERTY,0,1,229529=LIENS AND ENCUMBRANCES ON REAL PROPERTY,1
214877,"PROPERTY, RESOURCES, INFORMATION, AND INTELLECTUAL INTERESTS",260141,REAL VS PERSONAL PROPERTY,0,2,260139=REAL VERSUS PERSONAL PROPERTY,1
214877,"PROPERTY, RESOURCES, INFORMATION, AND INTELLECTUAL INTERESTS",232426,NATURAL RESOURCES AND WATER LAW,0,4,"260433=RESOURCES AND WATER LAW;232554=NATURAL RESOURCES, ENVIRONMENTAL, AND WATER LAW;232543=NATURAL RESOURCES, ENVIRONMENT, AND WATER LAW",3
214877,"PROPERTY, RESOURCES, INFORMATION, AND INTELLECTUAL INTERESTS",216239,"DECEDENTS' ESTATES, SUCCESSION, AND WILLS",0,11,"215936=DECEDENT'S ESTATES, SUCCESSION, AND WILLS;216550=DECEDENTS' ESTATES, WILLS, TRUSTS, AND SUCCESSION;216484=DECEDENTS' ESTATES, WILLS, AND TRUSTS",3
214877,"PROPERTY, RESOURCES, INFORMATION, AND INTELLECTUAL INTERESTS",267281,"SUCCESSION, WILLS, AND ESTATE PLANNING",0,5,"267430=SUCCESSION, WILLS, TRUSTS, AND ESTATE PLANNING",1
214877,"PROPERTY, RESOURCES, INFORMATION, AND INTELLECTUAL INTERESTS",216341,"DECEDENTS' ESTATES, WILLS, AND INTERESTS",0,2,"216355=DECEDENTS' ESTATES, WILLS, AND INTERESTS IN PROPERTY;216359=DECEDENTS' ESTATES, WILLS, AND INTERESTS IN PROPERTY AT DEATH;216348=DECEDENTS' ESTATES, WILLS, AND INTERESTS AT DEATH",3
214877,"PROPERTY, RESOURCES, INFORMATION, AND INTELLECTUAL INTERESTS",259988,"REAL PROPERTY, OWNERSHIP, TRANSFER, AND FINANCING",0,5,"259976=REAL PROPERTY, OWNERSHIP, TRANSFER, AND FINANCE",1
214877,"PROPERTY, RESOURCES, INFORMATION, AND INTELLECTUAL INTERESTS",259768,"REAL PROPERTY, OWNERSHIP, AND TRANSFER",0,20,"260108=REAL PROPERTY, OWNERSHIP, TRANSFER, AND TITLE",1
214877,"PROPERTY, RESOURCES, INFORMATION, AND INTELLECTUAL INTERESTS",267298,"SUCCESSION, WILLS, AND ESTATES",0,19,"267437=SUCCESSION, WILLS, TRUSTS, AND ESTATES;273335=WILLS, TRUSTS, AND SUCCESSION;266224=SUCCESSION AND INHERITANCE, WILLS, AND ESTATES",3
214877,"PROPERTY, RESOURCES, INFORMATION, AND INTELLECTUAL INTERESTS",215597,CONVEYANCING AND TRANSFER OF INTERESTS IN PROPERTY,0,2,215610=CONVEYANCING AND TRANSFER OF INTERESTS IN REAL PROPERTY,1
214877,"PROPERTY, RESOURCES, INFORMATION, AND INTELLECTUAL INTERESTS",270991,TYPES OF PROPERTY AND INTERESTS,0,1,270996=TYPES OF PROPERTY AND INTERESTS THEREIN;271001=TYPES OF PROPERTY AND PROPERTY INTERESTS,2
214877,"PROPERTY, RESOURCES, INFORMATION, AND INTELLECTUAL INTERESTS",264542,"SECURITY INTERESTS, LIENS, AND PRIORITIES",0,4,"264560=SECURITY INTERESTS, LIENS, AND PRIORITY",1
214877,"PROPERTY, RESOURCES, INFORMATION, AND INTELLECTUAL INTERESTS",232020,NATURAL RESOURCES AND MINERAL RIGHTS,0,16,232194=NATURAL RESOURCES AND MINING RIGHTS,1
214877,"PROPERTY, RESOURCES, INFORMATION, AND INTELLECTUAL INTERESTS",267238,"SUCCESSION, WILLS, AND ESTATE ADMINISTRATION",0,8,"267397=SUCCESSION, WILLS, PROBATE, AND ESTATE ADMINISTRATION;267359=SUCCESSION, WILLS, AND PROBATE;267408=SUCCESSION, WILLS, PROBATE, AND TRUSTS;267419=SUCCESSION, WILLS, TRUSTS, AND ESTATE ADMINISTRATION",4
214877,"PROPERTY, RESOURCES, INFORMATION, AND INTELLECTUAL INTERESTS",217764,EMINENT DOMAIN AND GOVERNMENT TAKINGS,0,1,217771=EMINENT DOMAIN AND GOVERNMENTAL TAKINGS,1
214877,"PROPERTY, RESOURCES, INFORMATION, AND INTELLECTUAL INTERESTS",215482,CONCURRENT OWNERSHIP AND CO-TENANCY,0,6,215479=CONCURRENT OWNERSHIP AND CO-TENANCIES,1
214877,"PROPERTY, RESOURCES, INFORMATION, AND INTELLECTUAL INTERESTS",272939,WATER RIGHTS AND WATER LAW,0,17,273002=WATER RIGHTS AND WATER RESOURCE LAW;271028=WATER LAW AND RIGHTS,2
214877,"PROPERTY, RESOURCES, INFORMATION, AND INTELLECTUAL INTERESTS",272554,WATER RIGHTS AND RESOURCES,0,30,273009=WATER RIGHTS AND WATER RESOURCES,1
214877,"PROPERTY, RESOURCES, INFORMATION, AND INTELLECTUAL INTERESTS",226886,"LAND USE, REAL PROPERTY RIGHTS, AND INTERESTS",0,3,"226896=LAND USE, REAL PROPERTY RIGHTS, AND INTERESTS IN LAND",1
214877,"PROPERTY, RESOURCES, INFORMATION, AND INTELLECTUAL INTERESTS",230784,MINING AND MINERAL LANDS,0,3,230769=MINES AND MINERAL LANDS,1
214877,"PROPERTY, RESOURCES, INFORMATION, AND INTELLECTUAL INTERESTS",219851,ESTATES IN LAND AND INTERESTS IN PROPERTY,0,6,219863=ESTATES IN LAND AND INTERESTS IN REAL PROPERTY,1
214877,"PROPERTY, RESOURCES, INFORMATION, AND INTELLECTUAL INTERESTS",268736,TRANSFER OF PROPERTY INTER VIVOS AND AT DEATH,0,1,268744=TRANSFER OF PROPERTY INTER VIVOS AND UPON DEATH,1
214877,"PROPERTY, RESOURCES, INFORMATION, AND INTELLECTUAL INTERESTS",234915,POSSESSORY INTERESTS AND SECURITY INTERESTS,0,1,234920=POSSESSORY INTERESTS AND SECURITY INTERESTS IN PROPERTY,1
214877,"PROPERTY, RESOURCES, INFORMATION, AND INTELLECTUAL INTERESTS",273220,"WILLS, TESTAMENTARY INSTRUMENTS, AND SUCCESSION",0,5,"273216=WILLS, TESTAMENTARY INSTRUMENTS, AND INTESTATE SUCCESSION",1
214877,"PROPERTY, RESOURCES, INFORMATION, AND INTELLECTUAL INTERESTS",266658,"SUCCESSION, ESTATES, AND DONATIVE TRANSFERS",0,8,"267111=SUCCESSION, ESTATES, TRUSTS, AND DONATIVE TRANSFERS",1
214877,"PROPERTY, RESOURCES, INFORMATION, AND INTELLECTUAL INTERESTS",216689,DEVOLUTION OF PROPERTY AT DEATH,0,5,216746=DEVOLUTION OF PROPERTY ON DEATH,1
214877,"PROPERTY, RESOURCES, INFORMATION, AND INTELLECTUAL INTERESTS",231061,MORTGAGES AND SECURITY INTERESTS,0,51,231050=MORTGAGES AND SECURED INTERESTS,1
214948,BAILMENTS,214991,RIGHTS AND DUTIES OF BAILEE,0,2,214954=BAILEE'S RIGHTS AND DUTIES,1
218847,TESTAMENTARY DISPOSITIONS,218956,CONSTRUCTION AND INTERPRETATION OF WILLS,0,4,218852=CONSTRUCTION OF WILLS,1
220452,WILLS AND TESTAMENTARY DISPOSITIONS,220403,CONSTRUCTION OF WILLS,1,1,220460=CONSTRUCTION AND INTERPRETATION OF WILLS,1
221674,INTELLECTUAL PROPERTY,223302,INTERNATIONAL IP AGREEMENTS,0,2,223268=INTERNATIONAL INTELLECTUAL PROPERTY AGREEMENTS,1
221674,INTELLECTUAL PROPERTY,225347,TRADE SECRETS AND CONFIDENTIAL INFORMATION,0,3,225353=TRADE SECRETS AND PROPRIETARY INFORMATION,1
221680,COPYRIGHT,222637,SCOPE OF EXCLUSIVE RIGHTS,0,11,222614=SCOPE AND LIMITATIONS ON EXCLUSIVE RIGHTS,1
222014,EXCLUSIVE RIGHTS,222042,PUBLIC PERFORMANCE AND DISPLAY RIGHTS,5,0,222106=PUBLIC PERFORMANCE AND PUBLIC DISPLAY RIGHTS,1
226977,LANDLORD AND TENANT,227444,LANDLORD'S RIGHTS AND REMEDIES,0,1,228198=RIGHTS AND REMEDIES OF LANDLORD,1
226977,LANDLORD AND TENANT,228093,RIGHTS AND DUTIES OF LESSOR,0,3,228185=RIGHTS AND OBLIGATIONS OF LESSOR,1
227449,LEASE COVENANTS,227883,COVENANTS OF THE LESSOR,0,1,227184=COVENANTS ON THE PART OF THE LESSOR,1
229404,MECHANICS' LIENS,229392,STATUTORY MECHANIC'S LIENS,0,1,229415=STATUTORY MECHANICS' LIENS,1
263063,STATUTORY AND COMMON-LAW LIENS,263087,MECHANICS' LIENS,3,5,263054=MECHANIC'S LIENS,1
263852,"SECURITY INTERESTS, LIENS, AND ENCUMBRANCES",264234,MECHANICS' LIENS,0,34,229720=MECHANIC'S LIENS,1
232161,NATURAL RESOURCES AND MINING LAW,232177,MINERAL RIGHTS AND MINING CLAIMS,0,10,232169=MINERAL RIGHTS AND CLAIMS,1
236888,CHATTEL MORTGAGES,236000,RIGHTS AND DUTIES OF PARTIES,0,1,235815=RIGHTS AND OBLIGATIONS OF PARTIES,1
237998,REAL PROPERTY,238704,CONCURRENT OWNERSHIP AND CO-TENANCY,0,8,238701=CONCURRENT OWNERSHIP AND CO-TENANCIES,1
237998,REAL PROPERTY,248891,MORTGAGES AND SECURITY INTERESTS,0,33,248852=MORTGAGES AND SECURED INTERESTS,1
237998,REAL PROPERTY,252457,TITLE TO REAL PROPERTY,0,16,252445=TITLE TO REAL ESTATE,1
237998,REAL PROPERTY,249132,MORTGAGES AND SECURITY INTERESTS IN LAND,0,24,248876=MORTGAGES AND SECURED INTERESTS IN LAND,1
237998,REAL PROPERTY,238910,CONVEYANCES AND TRANSFERS OF ESTATES,0,1,239588=CONVEYANCING AND TRANSFERS OF ESTATES,1
237998,REAL PROPERTY,243621,GENERAL PRINCIPLES OF REAL PROPERTY,3,0,243622=GENERAL PRINCIPLES OF REAL PROPERTY LAW,1
237998,REAL PROPERTY,247295,MARITAL INTERESTS IN LAND,0,3,247454=MARITAL PROPERTY INTERESTS IN LAND,1
237998,REAL PROPERTY,244716,INTERESTS IN LAND AND RESOURCES,0,1,244711=INTERESTS IN LAND AND NATURAL RESOURCES,1
247033,LIENS AND ENCUMBRANCES,247051,MECHANICS' LIENS,1,29,240169=MECHANIC'S LIENS,1
243969,HOMESTEAD EXEMPTIONS,243965,SCOPE OF EXEMPTION,0,2,243975=SCOPE AND EXTENT OF EXEMPTION,1
246073,LANDLORD AND TENANT RELATIONS,246488,LESSOR COVENANTS AND OBLIGATIONS,1,4,246484=LESSOR COVENANTS,1
246073,LANDLORD AND TENANT RELATIONS,246664,TENANT RIGHTS AND OBLIGATIONS,1,11,246201=TENANT RIGHTS AND DUTIES,1
247548,MORTGAGES,247882,LEGAL RULES GOVERNING MORTGAGES,1,0,248348=RULES GOVERNING MORTGAGES,1
248220,RIGHTS AND DUTIES OF PARTIES,248225,MORTGAGEE IN POSSESSION,1,0,248227=MORTGAGOR IN POSSESSION,1
249089,RIGHTS AND DUTIES OF PARTIES,249092,MORTGAGEE IN POSSESSION,0,1,249096=MORTGAGOR IN POSSESSION,1
250792,MORTGAGES,250671,RIGHTS AND OBLIGATIONS OF MORTGAGOR AND MORTGAGEE,3,4,251185=RIGHTS AND DUTIES OF MORTGAGOR AND MORTGAGEE,1
250792,MORTGAGES,251063,NATURE AND CHARACTERISTICS OF MORTGAGES,11,5,250147=NATURE AND CHARACTERIZATION OF MORTGAGES,1
250264,WASTE,250273,INJUNCTIVE RELIEF AGAINST WASTE,1,6,250276=INJUNCTIVE RELIEF FOR WASTE,1
251577,TAXATION OF REAL PROPERTY,251575,TAX SALES AND DEEDS,0,1,251582=TAX SALES AND TAX DEEDS,1
259793,EQUITABLE MORTGAGES,259792,PAROL EVIDENCE TO PROVE ABSOLUTE DEED A MORTGAGE,1,0,259796=PAROL EVIDENCE TO PROVE ABSOLUTE DEED IS A MORTGAGE,1
260304,PRIOR APPROPRIATION DOCTRINE,260259,JUDICIAL INTERPRETATION AND CASE LAW,2,0,260320=JUDICIAL INTERPRETATION AND CASE LAW ANALYSIS,1
260873,RIGHTS AND OBLIGATIONS OF PARTIES,260866,MORTGAGEE'S RIGHT TO POSSESSION,1,0,260878=MORTGAGOR'S RIGHT TO POSSESSION,1
261781,CARRIERS' LIENS,261803,SCOPE AND LIMITATIONS OF CARRIERS' LIENS,1,1,261805=SCOPE OF CARRIERS' LIENS,1
262305,TIME FOR ENFORCEMENT,262308,EFFECT OF EXTENDED CREDIT BEYOND STATUTORY PERIOD,1,0,262304=EFFECT OF EXTENSION OF CREDIT BEYOND STATUTORY PERIOD,1
263700,MORTGAGES,263815,RIGHTS AND LIABILITIES OF MORTGAGEE,2,1,263846=MORTGAGEE'S RIGHTS AND LIABILITIES,1
264234,MECHANICS' LIENS,264309,SCOPE AND EXTENT OF LIEN,0,3,264317=SCOPE OF LIEN,1
264416,CREATION AND PERFECTION,264419,POSSESSION AS REQUISITE,1,0,264417=POSSESSION AS REQUIREMENT,1
268009,TRANSFER AND DISPOSITION OF PROPERTY,268258,"WILLS, TESTAMENTS, AND ESTATE DISTRIBUTION",0,3,"268254=WILLS, TESTAMENTS, AND ESTATE DISPOSITION",1
268009,TRANSFER AND DISPOSITION OF PROPERTY,268277,"WILLS, TESTAMENTS, AND ESTATE SUCCESSION",0,6,"268310=WILLS, TESTAMENTS, AND TESTATE SUCCESSION",1
273363,"PUBLIC POWER, CONSTITUTIONAL STRUCTURE, AND GOVERNMENT",279900,LEGISLATIVE POWER AND AUTHORITY,0,38,280317=LEGISLATIVE POWER AND STATUTORY AUTHORITY,1
273363,"PUBLIC POWER, CONSTITUTIONAL STRUCTURE, AND GOVERNMENT",278564,GOVERNMENT POWERS AND IMMUNITIES,0,1,279033=GOVERNMENTAL POWERS AND IMMUNITIES,1
273363,"PUBLIC POWER, CONSTITUTIONAL STRUCTURE, AND GOVERNMENT",278430,GOVERNMENT POWER OVER PROPERTY,0,1,278951=GOVERNMENTAL POWER OVER PROPERTY,1
273363,"PUBLIC POWER, CONSTITUTIONAL STRUCTURE, AND GOVERNMENT",278308,GOVERNMENT INSTITUTIONS AND AGENCIES,0,1,278914=GOVERNMENTAL INSTITUTIONS AND AGENCIES,1
273363,"PUBLIC POWER, CONSTITUTIONAL STRUCTURE, AND GOVERNMENT",274122,CONSTITUTIONAL LAW AND INTERPRETATION,0,9,273864=CONSTITUTIONAL INTERPRETATION,1
273363,"PUBLIC POWER, CONSTITUTIONAL STRUCTURE, AND GOVERNMENT",278316,GOVERNMENT INSTITUTIONS AND STRUCTURE,0,2,278936=GOVERNMENTAL INSTITUTIONS AND STRUCTURE,1
273363,"PUBLIC POWER, CONSTITUTIONAL STRUCTURE, AND GOVERNMENT",277678,FEDERALISM AND SEPARATION OF POWERS,0,36,277157=FEDERALISM AND DIVISION OF POWERS,1
273363,"PUBLIC POWER, CONSTITUTIONAL STRUCTURE, AND GOVERNMENT",278568,GOVERNMENT POWERS AND LIMITATIONS,0,7,279037=GOVERNMENTAL POWERS AND LIMITATIONS,1
273363,"PUBLIC POWER, CONSTITUTIONAL STRUCTURE, AND GOVERNMENT",279014,GOVERNMENTAL POWERS AND FUNCTIONS,0,4,278560=GOVERNMENT POWERS AND FUNCTIONS,1
273363,"PUBLIC POWER, CONSTITUTIONAL STRUCTURE, AND GOVERNMENT",277118,FEDERALISM AND ALLOCATION OF SOVEREIGN POWERS,0,1,277115=FEDERALISM AND ALLOCATION OF SOVEREIGN AUTHORITY,1
273363,"PUBLIC POWER, CONSTITUTIONAL STRUCTURE, AND GOVERNMENT",278319,GOVERNMENT LIABILITY AND IMMUNITY,0,2,278911=GOVERNMENTAL IMMUNITY AND LIABILITY,1
273363,"PUBLIC POWER, CONSTITUTIONAL STRUCTURE, AND GOVERNMENT",287220,TAXATION AND REVENUE,0,34,287195=TAXATION AND PUBLIC REVENUE,1
273363,"PUBLIC POWER, CONSTITUTIONAL STRUCTURE, AND GOVERNMENT",278434,GOVERNMENT POWERS,0,9,278959=GOVERNMENTAL POWERS,1
273363,"PUBLIC POWER, CONSTITUTIONAL STRUCTURE, AND GOVERNMENT",276610,FEDERAL LEGISLATIVE POWER,0,19,276710=FEDERAL LEGISLATIVE POWER AND AUTHORITY,1
273363,"PUBLIC POWER, CONSTITUTIONAL STRUCTURE, AND GOVERNMENT",278713,GOVERNMENT STRUCTURE AND AUTHORITY,0,3,279129=GOVERNMENTAL STRUCTURE AND AUTHORITY,1
273363,"PUBLIC POWER, CONSTITUTIONAL STRUCTURE, AND GOVERNMENT",275976,FEDERAL AND STATE TAXING POWER,0,1,285808=STATE AND FEDERAL TAXATION POWER,1
277972,FEDERALISM AND STATE-FEDERAL RELATIONS,278119,STATE TAXING POWER,0,5,277228=STATE TAXATION POWER,1
279550,JUSTICIABILITY AND CASE OR CONTROVERSY REQUIREMENT,279551,NONJUDICIAL DUTIES AND SEPARATION OF POWERS,0,1,279554=NON-JUDICIAL DUTIES AND SEPARATION OF POWERS,1
279937,MUNICIPAL CORPORATIONS,279938,LEGISLATIVE CONTROL OF MUNICIPAL PROPERTY,1,0,279957=LEGISLATIVE CONTROL OVER MUNICIPAL PROPERTY,1
280397,MUNICIPAL CORPORATIONS,280909,MUNICIPAL PROPERTY AND FACILITIES,0,3,280904=MUNICIPAL PROPERTIES AND FACILITIES,1
282627,MUNICIPAL CORPORATIONS,284206,POWERS AND AUTHORITY OF MUNICIPAL CORPORATIONS,0,6,283784=POWERS OF MUNICIPAL CORPORATIONS,1
282627,MUNICIPAL CORPORATIONS,284236,STATE LEGISLATIVE POWER OVER MUNICIPALITIES,0,1,283880=STATE LEGISLATIVE AUTHORITY OVER MUNICIPALITIES,1
282627,MUNICIPAL CORPORATIONS,281263,"CREATION, INCORPORATION, AND DISSOLUTION",0,2,"281278=FORMATION, INCORPORATION, AND DISSOLUTION",1
282968,QUORUM REQUIREMENT,282969,ACTS BY LESS THAN QUORUM VOID,1,0,282971=ACTS BY LESS THAN QUORUM AS VOID,1
287575,TAXATION PROCEDURE AND ADMINISTRATION,287576,CONSTITUTIONAL LIMITS ON TAXATION,0,1,287569=CONSTITUTIONAL LIMITATIONS ON TAXATION,1
